{
  "sitonly": {
    "overall": {
      "n_cases": 17,
      "n_pairs": 319,
      "ndcg3": 0.8813351795360211,
      "ndcg5": 0.8792721915979205,
      "ndcg10": 0.8627304953102544,
      "ndcg5_ci95": [
        0.8180114069677037,
        0.9361014139601764
      ],
      "mse": 2.0986999946683884,
      "pearson_r": 0.5703870823024343
    },
    "strategy_point": {
      "n_cases": 17,
      "n_pairs": 154,
      "ndcg3": 0.8381892052301138,
      "ndcg5": 0.845701607107302,
      "ndcg10": 0.9089718462374669,
      "ndcg5_ci95": [
        0.7699848279185642,
        0.9174605080763288
      ],
      "mse": 2.6885576934964823,
      "pearson_r": 0.49952490763236407
    },
    "observation": {
      "n_cases": 17,
      "n_pairs": 165,
      "ndcg3": 0.9284265998295388,
      "ndcg5": 0.9365110446179017,
      "ndcg10": 0.9496859936028043,
      "ndcg5_ci95": [
        0.8904379925544508,
        0.9756246204888228
      ],
      "mse": 1.5481660293106507,
      "pearson_r": 0.6165121996297698
    }
  },
  "sitact": {
    "overall": {
      "n_cases": 17,
      "n_pairs": 319,
      "ndcg3": 0.8901022372107154,
      "ndcg5": 0.8856086206080506,
      "ndcg10": 0.8900860707876305,
      "ndcg5_ci95": [
        0.8331026938711996,
        0.9359096311637961
      ],
      "mse": 1.9979937019256506,
      "pearson_r": 0.6207392441314312
    },
    "strategy_point": {
      "n_cases": 17,
      "n_pairs": 154,
      "ndcg3": 0.8707423807897178,
      "ndcg5": 0.860356041745011,
      "ndcg10": 0.9205188714572965,
      "ndcg5_ci95": [
        0.7824509082492516,
        0.9286145773567207
      ],
      "mse": 2.611573356802276,
      "pearson_r": 0.5862284469541553
    },
    "observation": {
      "n_cases": 17,
      "n_pairs": 165,
      "ndcg3": 0.9338805056441314,
      "ndcg5": 0.9308007544507274,
      "ndcg10": 0.9497348133712319,
      "ndcg5_ci95": [
        0.8853965427080486,
        0.9698349362901212
      ],
      "mse": 1.4308076590391727,
      "pearson_r": 0.6345056820011058
    }
  }
}